{"cameraMode":{"drawMode":0,"name":"Shaded","section":"Shading Mode"},"sceneLighting":true,"audioPlay":false,"sceneViewState":{"m_AlwaysRefresh":false,"showFog":true,"showSkybox":true,"showFlares":true,"showImageEffects":true,"showParticleSystems":true,"showVisualEffectGraphs":true,"m_FxEnabled":true},"in2DMode":false,"pivot":{"x":7.441485404968262,"y":16.054548263549806,"z":-10.724143028259278},"rotation":{"x":-0.24220554530620576,"y":-0.38481196761131289,"z":0.10538789629936218,"w":-0.8844033479690552},"size":18.208879470825197,"orthographic":false}